-- phpMyAdmin SQL Dump
-- version 5.2.0
-- https://www.phpmyadmin.net/
--
-- Servidor: 127.0.0.1
-- Tiempo de generación: 06-12-2023 a las 00:14:43
-- Versión del servidor: 10.4.27-MariaDB
-- Versión de PHP: 8.2.0

SET SQL_MODE = "NO_AUTO_VALUE_ON_ZERO";
START TRANSACTION;
SET time_zone = "+00:00";


/*!40101 SET @OLD_CHARACTER_SET_CLIENT=@@CHARACTER_SET_CLIENT */;
/*!40101 SET @OLD_CHARACTER_SET_RESULTS=@@CHARACTER_SET_RESULTS */;
/*!40101 SET @OLD_COLLATION_CONNECTION=@@COLLATION_CONNECTION */;
/*!40101 SET NAMES utf8mb4 */;

--
-- Base de datos: `components`
--

-- --------------------------------------------------------

--
-- Estructura de tabla para la tabla `componentes`
--

CREATE TABLE `componentes` (
  `id` int(11) NOT NULL,
  `nombre` varchar(77) NOT NULL,
  `html` text NOT NULL,
  `css` longtext NOT NULL,
  `js` longtext NOT NULL,
  `user` varchar(66) NOT NULL,
  `fecha` varchar(55) NOT NULL DEFAULT current_timestamp()
) ENGINE=InnoDB DEFAULT CHARSET=utf8mb4 COLLATE=utf8mb4_general_ci;

--
-- Volcado de datos para la tabla `componentes`
--

INSERT INTO `componentes` (`id`, `nombre`, `html`, `css`, `js`, `user`, `fecha`) VALUES
(34, 'Slidershow Vanilla JS', '<div class=\"content-width\">\r\n  <div class=\"slideshow\">\r\n    <!-- Slideshow Items -->\r\n    <div class=\"slideshow-items\">\r\n      <div class=\"item\">\r\n        <div class=\"item-image-container\">\r\n          <img class=\"item-image\" src=\"https://i.pinimg.com/564x/23/a4/86/23a4860b8b70b1eb27f2791b97aaee8e.jpg\" />\r\n        </div>\r\n        <!-- Staggered Header Elements -->\r\n        <div class=\"item-header\">\r\n          <span class=\"vertical-part\"><b>N</b></span>\r\n          <span class=\"vertical-part\"><b>i</b></span>\r\n          <span class=\"vertical-part\"><b>k</b></span>\r\n          <span class=\"vertical-part\"><b>e</b></span>\r\n        </div>\r\n        <!-- Staggered Description Elements -->\r\n        <div class=\"item-description\">\r\n          <span class=\"vertical-part\">\r\n            <b>Nike</b>\r\n          </span>\r\n          <span class=\"vertical-part\">\r\n            <b>ipsum</b>\r\n          </span> \r\n          <span class=\"vertical-part\">\r\n            <b>dolor</b>\r\n          </span>\r\n          <span class=\"vertical-part\">\r\n            <b>sit</b>\r\n          </span> \r\n          <span class=\"vertical-part\">\r\n            <b>amet,</b>\r\n          </span>\r\n          <span class=\"vertical-part\">\r\n            <b>consectetur</b>\r\n          </span> \r\n          <span class=\"vertical-part\">\r\n            <b>adipiscing</b>\r\n          </span>\r\n          <span class=\"vertical-part\">\r\n            <b>elit.</b>\r\n          </span> \r\n          <span class=\"vertical-part\">\r\n            <b>Pellentesque</b>\r\n          </span>\r\n          <span class=\"vertical-part\">\r\n            <b>elementum</b>\r\n          </span> \r\n          <span class=\"vertical-part\">\r\n            <b>gravida</b>\r\n          </span>\r\n          <span class=\"vertical-part\">\r\n            <b>ex</b>\r\n          </span> \r\n          <span class=\"vertical-part\">\r\n            <b>at</b>\r\n          </span>\r\n          <span class=\"vertical-part\">\r\n            <b>maximus.</b>\r\n          </span> \r\n          <span class=\"vertical-part\">\r\n            <b>Nullam</b>\r\n          </span>\r\n          <span class=\"vertical-part\">\r\n            <b>quis</b>\r\n          </span> \r\n          <span class=\"vertical-part\">\r\n            <b>leo</b>\r\n          </span>\r\n          <span class=\"vertical-part\">\r\n            <b>ipsum.</b>\r\n          </span> \r\n          <span class=\"vertical-part\">\r\n            <b>Lorem</b>\r\n          </span>\r\n          <span class=\"vertical-part\">\r\n            <b>ipsum</b>\r\n          </span> \r\n          <span class=\"vertical-part\">\r\n            <b>Nam</b>\r\n          </span> \r\n          <span class=\"vertical-part\">\r\n            <b>consectetur</b>\r\n          </span>\r\n          <span class=\"vertical-part\">\r\n            <b>malesuada</b>\r\n          </span> \r\n          <span class=\"vertical-part\">\r\n            <b>blandit.</b>\r\n          </span>\r\n          <span class=\"vertical-part\">\r\n            <b>Mauris</b>\r\n          </span> \r\n          <span class=\"vertical-part\">\r\n            <b>vulputate</b>\r\n          </span>\r\n          <span class=\"vertical-part\">\r\n            <b>purus</b>\r\n          </span> \r\n          <span class=\"vertical-part\">\r\n            <b>id</b>\r\n          </span>\r\n          <span class=\"vertical-part\">\r\n            <b>dolor</b>\r\n          </span> \r\n          <span class=\"vertical-part\">\r\n            <b>euismod</b>\r\n          </span>\r\n          <span class=\"vertical-part\">\r\n            <b>varius.</b>\r\n          </span>      \r\n        </div>\r\n      </div>\r\n      <div class=\"item\">\r\n        <div class=\"item-image-container\">\r\n          <img class=\"item-image\" src=\"https://mir-s3-cdn-cf.behance.net/project_modules/max_1200/a1232e48702241.589f548dc6bee.jpg\" />\r\n        </div>\r\n        <!-- Staggered Header Elements -->\r\n        <div class=\"item-header\">\r\n          <span class=\"vertical-part\"><b>S</b></span>\r\n          <span class=\"vertical-part\"><b>p</b></span>\r\n          <span class=\"vertical-part\"><b>o</b></span>\r\n          <span class=\"vertical-part\"><b>t</b></span>\r\n          <span class=\"vertical-part\"><b>i</b></span>\r\n          <span class=\"vertical-part\"><b>f</b></span>\r\n          <span class=\"vertical-part\"><b>y</b></span>\r\n        </div>\r\n        <!-- Staggered Description Elements -->\r\n        <div class=\"item-description\">\r\n          <span class=\"vertical-part\">\r\n            <b>Spotify</b>\r\n          </span>\r\n          <span class=\"vertical-part\">\r\n            <b>ipsum</b>\r\n          </span>\r\n          <span class=\"vertical-part\">\r\n            <b>dolor</b>\r\n          </span>\r\n          <span class=\"vertical-part\">\r\n            <b>sit</b>\r\n          </span>\r\n          <span class=\"vertical-part\">\r\n            <b>amet,</b>\r\n          </span>\r\n          <span class=\"vertical-part\">\r\n            <b>consectetur</b>\r\n          </span>\r\n          <span class=\"vertical-part\">\r\n            <b>adipiscing</b>\r\n          </span>\r\n          <span class=\"vertical-part\">\r\n            <b>elit.</b>\r\n          </span>\r\n          <span class=\"vertical-part\">\r\n            <b>Pellentesque</b>\r\n          </span>\r\n          <span class=\"vertical-part\">\r\n            <b>elementum</b>\r\n          </span>\r\n          <span class=\"vertical-part\">\r\n            <b>gravida</b>\r\n          </span>\r\n          <span class=\"vertical-part\">\r\n            <b>ex</b>\r\n          </span>\r\n          <span class=\"vertical-part\">\r\n            <b>at</b>\r\n          </span>\r\n          <span class=\"vertical-part\">\r\n            <b>maximus.</b>\r\n          </span>\r\n          <span class=\"vertical-part\">\r\n            <b>Nullam</b>\r\n          </span>\r\n          <span class=\"vertical-part\">\r\n            <b>quis</b>\r\n          </span>\r\n          <span class=\"vertical-part\">\r\n            <b>leo</b>\r\n          </span>\r\n          <span class=\"vertical-part\">\r\n            <b>ipsum.</b>\r\n          </span>\r\n          <span class=\"vertical-part\">\r\n            <b>Lorem</b>\r\n          </span>\r\n          <span class=\"vertical-part\">\r\n            <b>ipsum</b>\r\n          </span>\r\n          <span class=\"vertical-part\">\r\n            <b>Nam</b>\r\n          </span>\r\n          <span class=\"vertical-part\">\r\n            <b>consectetur</b>\r\n          </span>\r\n          <span class=\"vertical-part\">\r\n            <b>malesuada</b>\r\n          </span>\r\n          <span class=\"vertical-part\">\r\n            <b>blandit.</b>\r\n          </span>\r\n          <span class=\"vertical-part\">\r\n            <b>Mauris</b>\r\n          </span>\r\n          <span class=\"vertical-part\">\r\n            <b>vulputate</b>\r\n          </span>\r\n          <span class=\"vertical-part\">\r\n            <b>purus</b>\r\n          </span>\r\n          <span class=\"vertical-part\">\r\n            <b>id</b>\r\n          </span>\r\n          <span class=\"vertical-part\">\r\n            <b>dolor</b>\r\n          </span>\r\n          <span class=\"vertical-part\">\r\n            <b>euismod</b>\r\n          </span>\r\n          <span class=\"vertical-part\">\r\n            <b>varius.</b>\r\n          </span>\r\n        </div>\r\n      </div>\r\n      <div class=\"item\">\r\n        <div class=\"item-image-container\">\r\n          <img class=\"item-image\" src=\"https://i2.wp.com/www.futuristarchitecture.com/wp-content/uploads/2016/11/fantastic-small-living-room-interior-idea-7.jpg?w=700___amp___ssl=1\" />\r\n        </div>\r\n        <!-- Staggered Header Elements -->\r\n        <div class=\"item-header\">\r\n          <span class=\"vertical-part\"><b>A</b></span>\r\n          <span class=\"vertical-part\"><b>i</b></span>\r\n          <span class=\"vertical-part\"><b>r</b></span>\r\n          <span class=\"vertical-part\"><b>b</b></span>\r\n          <span class=\"vertical-part\"><b>n</b></span>\r\n          <span class=\"vertical-part\"><b>b</b></span>\r\n        </div>\r\n        <!-- Staggered Description Elements -->\r\n        <div class=\"item-description\">\r\n          <span class=\"vertical-part\">\r\n            <b>Airbnb</b>\r\n          </span>\r\n          <span class=\"vertical-part\">\r\n            <b>ipsum</b>\r\n          </span>\r\n          <span class=\"vertical-part\">\r\n            <b>dolor</b>\r\n          </span>\r\n          <span class=\"vertical-part\">\r\n            <b>sit</b>\r\n          </span>\r\n          <span class=\"vertical-part\">\r\n            <b>amet,</b>\r\n          </span>\r\n          <span class=\"vertical-part\">\r\n            <b>consectetur</b>\r\n          </span>\r\n          <span class=\"vertical-part\">\r\n            <b>adipiscing</b>\r\n          </span>\r\n          <span class=\"vertical-part\">\r\n            <b>elit.</b>\r\n          </span>\r\n          <span class=\"vertical-part\">\r\n            <b>Pellentesque</b>\r\n          </span>\r\n          <span class=\"vertical-part\">\r\n            <b>elementum</b>\r\n          </span>\r\n          <span class=\"vertical-part\">\r\n            <b>gravida</b>\r\n          </span>\r\n          <span class=\"vertical-part\">\r\n            <b>ex</b>\r\n          </span>\r\n          <span class=\"vertical-part\">\r\n            <b>at</b>\r\n          </span>\r\n          <span class=\"vertical-part\">\r\n            <b>maximus.</b>\r\n          </span>\r\n          <span class=\"vertical-part\">\r\n            <b>Nullam</b>\r\n          </span>\r\n          <span class=\"vertical-part\">\r\n            <b>quis</b>\r\n          </span>\r\n          <span class=\"vertical-part\">\r\n            <b>leo</b>\r\n          </span>\r\n          <span class=\"vertical-part\">\r\n            <b>ipsum.</b>\r\n          </span>\r\n          <span class=\"vertical-part\">\r\n            <b>Lorem</b>\r\n          </span>\r\n          <span class=\"vertical-part\">\r\n            <b>ipsum</b>\r\n          </span>\r\n          <span class=\"vertical-part\">\r\n            <b>Nam</b>\r\n          </span>\r\n          <span class=\"vertical-part\">\r\n            <b>consectetur</b>\r\n          </span>\r\n          <span class=\"vertical-part\">\r\n            <b>malesuada</b>\r\n          </span>\r\n          <span class=\"vertical-part\">\r\n            <b>blandit.</b>\r\n          </span>\r\n          <span class=\"vertical-part\">\r\n            <b>Mauris</b>\r\n          </span>\r\n          <span class=\"vertical-part\">\r\n            <b>vulputate</b>\r\n          </span>\r\n          <span class=\"vertical-part\">\r\n            <b>purus</b>\r\n          </span>\r\n          <span class=\"vertical-part\">\r\n            <b>id</b>\r\n          </span>\r\n          <span class=\"vertical-part\">\r\n            <b>dolor</b>\r\n          </span>\r\n          <span class=\"vertical-part\">\r\n            <b>euismod</b>\r\n          </span>\r\n          <span class=\"vertical-part\">\r\n            <b>varius.</b>\r\n          </span>\r\n        </div>\r\n      </div>\r\n    </div>\r\n    <div class=\"controls\">\r\n      <ul>\r\n        <li class=\"control\" data-index=\"0\"></li>\r\n        <li class=\"control\" data-index=\"1\"></li>\r\n        <li class=\"control\" data-index=\"2\"></li>\r\n      </ul>\r\n    </div>\r\n  </div>\r\n</div>', '* {\r\n  box-sizing: border-box;\r\n  margin: 0;\r\n  padding: 0;\r\n}\r\n\r\nhtml, body {\r\n  width: 100%;\r\n  height: 100vh;\r\n  overflow: hidden; \r\n  background: #22222A;\r\n  font-family: \'Fira Mono\', monospace;\r\n  -webkit-font-smoothing: antialiased;\r\n  font-size: .88rem;\r\n  color: #bdbdd5;\r\n}\r\n\r\n.content-width {\r\n  width: 86%;\r\n  height: 100vh;\r\n  margin: 0 auto;\r\n}\r\n\r\n.slideshow {\r\n  position: relative;\r\n  width: 100%;\r\n  height: 100vh;\r\n  display: flex;\r\n  flex-direction: column;\r\n  justify-content: space-around;\r\n}\r\n\r\n.slideshow-items {\r\n  position: relative;\r\n  width: 100%;\r\n  height: 300px;\r\n}\r\n\r\n.item {\r\n  position: absolute;\r\n  width: 100%;\r\n  height: auto;\r\n}\r\n\r\n.item-image-container {\r\n  position: relative;\r\n  width: 42%;\r\n}\r\n\r\n.item-image-container::before {\r\n  content: \'\';\r\n  position: absolute;\r\n  top: -1px;\r\n  left: 0;\r\n  width: 101%;\r\n  height: 101%;\r\n  background: #22222A;\r\n  opacity: 0;\r\n  z-index: 1;\r\n}\r\n\r\n.item-image {\r\n  position: relative;\r\n  width: 100%;\r\n  height: auto;\r\n  opacity: 0;\r\n  display: block;\r\n  /* transition: property name | duration | timing-function | delay  */\r\n  transition: opacity .3s ease-out .45s;\r\n}\r\n\r\n.item.active .item-image {\r\n  opacity: 1;\r\n}\r\n\r\n.item.active .item-image-container::before {\r\n  opacity: .8;\r\n}\r\n\r\n.item-description {\r\n  position: absolute;\r\n  top: 182px;\r\n  right: 0;\r\n  width: 50%;\r\n  padding-right: 4%;\r\n  line-height: 1.8;\r\n}\r\n\r\n/* Staggered Vertical Items ------------------------------------------------------*/\r\n.item-header {\r\n  position: absolute;\r\n  top: 150px;\r\n  left: -1.8%;\r\n  z-index: 100;\r\n}\r\n\r\n.item-header .vertical-part {\r\n  margin: 0 -4px;\r\n  font-family: \'Montserrat\', sans-serif;\r\n  -webkit-font-smoothing: auto;\r\n  font-size: 7vw;\r\n  color: #fff;\r\n}\r\n\r\n.vertical-part {\r\n  overflow: hidden;\r\n  display: inline-block;\r\n}\r\n\r\n.vertical-part b {\r\n  display: inline-block;\r\n  transform: translateY(100%);\r\n}\r\n\r\n.item-header .vertical-part b {\r\n  transition: .5s;\r\n}\r\n\r\n.item-description .vertical-part b {\r\n  transition: .21s;\r\n}\r\n\r\n.item.active .item-header .vertical-part b {\r\n  transform: translateY(0);\r\n}\r\n\r\n.item.active .item-description .vertical-part b {\r\n  transform: translateY(0);\r\n}\r\n\r\n/* Controls ----------------------------------------------------------------------*/\r\n.controls {\r\n  position: relative;\r\n  text-align: right;\r\n  z-index: 1000;\r\n}\r\n\r\n.controls ul {\r\n  list-style: none;\r\n}\r\n\r\n.controls ul li {\r\n  display: inline-block;\r\n  width: 10px;\r\n  height: 10px;\r\n  margin: 3px;\r\n  background:#bdbdd5;;\r\n  cursor: pointer;\r\n}\r\n\r\n.controls ul li.active {\r\n  background:#6a6a77;;\r\n}', '// Master DOManipulator v2 ------------------------------------------------------------\r\nconst items = document.querySelectorAll(\'.item\'),\r\ncontrols = document.querySelectorAll(\'.control\'),\r\nheaderItems = document.querySelectorAll(\'.item-header\'),\r\ndescriptionItems = document.querySelectorAll(\'.item-description\'),\r\nactiveDelay = .76,\r\ninterval = 5000;\r\n\r\nlet current = 0;\r\n\r\nconst slider = {\r\n  init: () => {\r\n    controls.forEach(control => control.addEventListener(\'click\', e => {slider.clickedControl(e);}));\r\n    controls[current].classList.add(\'active\');\r\n    items[current].classList.add(\'active\');\r\n  },\r\n  nextSlide: () => {// Increment current slide and add active class\r\n    slider.reset();\r\n    if (current === items.length - 1) current = -1; // Check if current slide is last in array\r\n    current  ;\r\n    controls[current].classList.add(\'active\');\r\n    items[current].classList.add(\'active\');\r\n    slider.transitionDelay(headerItems);\r\n    slider.transitionDelay(descriptionItems);\r\n  },\r\n  clickedControl: e => {// Add active class to clicked control and corresponding slide\r\n    slider.reset();\r\n    clearInterval(intervalF);\r\n\r\n    const control = e.target,\r\n    dataIndex = Number(control.dataset.index);\r\n\r\n    control.classList.add(\'active\');\r\n    items.forEach((item, index) => {\r\n      if (index === dataIndex) {// Add active class to corresponding slide\r\n        item.classList.add(\'active\');\r\n      }\r\n    });\r\n    current = dataIndex; // Update current slide\r\n    slider.transitionDelay(headerItems);\r\n    slider.transitionDelay(descriptionItems);\r\n    intervalF = setInterval(slider.nextSlide, interval); // Fire that bad boi back up\r\n  },\r\n  reset: () => {// Remove active classes\r\n    items.forEach(item => item.classList.remove(\'active\'));\r\n    controls.forEach(control => control.classList.remove(\'active\'));\r\n  },\r\n  transitionDelay: items => {// Set incrementing css transition-delay for .item-header ___amp___ .item-description, .vertical-part, b elements\r\n    let seconds;\r\n\r\n    items.forEach(item => {\r\n      const children = item.childNodes; // .vertical-part(s)\r\n      let count = 1,\r\n      delay;\r\n\r\n      item.classList.value === \'item-header\' ? seconds = .015 : seconds = .007;\r\n\r\n      children.forEach(child => {// iterate through .vertical-part(s) and style b element\r\n        if (child.classList) {\r\n          item.parentNode.classList.contains(\'active\') ? delay = count * seconds   activeDelay : delay = count * seconds;\r\n          child.firstElementChild.style.transitionDelay = `${delay}s`; // b element\r\n          count  ;\r\n        }\r\n      });\r\n    });\r\n  } };\r\n\r\n\r\nlet intervalF = setInterval(slider.nextSlide, interval);\r\nslider.init();', '1', '2023-12-05 17:41:22'),
(35, 'Icons', '<link rel=\"stylesheet\" href=\"http:////netdna.bootstrapcdn.com/font-awesome/4.0.3/css/font-awesome.css\">\r\n<h1>Font Awesome Colored - Brand And Social Icons</h1>\r\n  	<div class=\"wrapper\">\r\n	    <ul class=\"social-icons icon-circle list-unstyled list-inline\"> \r\n	      <li><a href=\"#\"><i class=\"fa fa-adn\"></i></a> </li> \r\n	      <li><a href=\"#\"><i class=\"fa fa-android\"></i></a> </li>   \r\n	      <li> <a href=\"#\"><i class=\"fa fa-apple\"></i></a> </li>\r\n	      <li> <a href=\"#\"><i class=\"fa fa-bitbucket\"></i></a> </li> \r\n	      <li> <a href=\"#\"><i class=\"fa fa-bitbucket-square\"></i></a> </li> \r\n	      <li> <a href=\"#\"><i class=\"fa fa-bitcoin\"></i></a> </li> \r\n	      <li> <a href=\"#\"><i class=\"fa fa-css3\"></i></a> </li> \r\n	      <li> <a href=\"#\"><i class=\"fa fa-dribbble\"></i></a></li> \r\n	      <li> <a href=\"#\"><i class=\"fa fa-dropbox\"></i></a></li> \r\n	      <li> <a href=\"#\"><i class=\"fa fa-facebook\"></i></a></li> \r\n	      <li> <a href=\"#\"><i class=\"fa fa-facebook-square\"></i></a></li> \r\n	      <li> <a href=\"#\"><i class=\"fa fa-flickr\"></i></a></li> \r\n	      <li> <a href=\"#\"><i class=\"fa fa-foursquare\"></i></a></li> \r\n	      <li> <a href=\"#\"><i class=\"fa fa-github\"></i></a></li> \r\n	      <li> <a href=\"#\"><i class=\"fa fa-github-alt\"></i></a></li> \r\n	      <li> <a href=\"#\"><i class=\"fa fa-github-square\"></i></a></li> \r\n	      <li> <a href=\"#\"><i class=\"fa fa-google-plus\"></i></a></li> \r\n	      <li> <a href=\"#\"><i class=\"fa fa-google-plus-square\"></i></a></li> \r\n	      <li> <a href=\"#\"><i class=\"fa fa-html5\"></i></a></li> \r\n	      <li> <a href=\"#\"><i class=\"fa fa-instagram\"></i></a></li> \r\n	      <li> <a href=\"#\"><i class=\"fa fa-linkedin\"></i></a></li> \r\n	      <li> <a href=\"#\"><i class=\"fa fa-linkedin-square\"></i></a></li> \r\n	      <li> <a href=\"#\"><i class=\"fa fa-linux\"></i></a></li> \r\n	      <li> <a href=\"#\"><i class=\"fa fa-maxcdn\"></i></a></li> \r\n	      <li> <a href=\"#\"><i class=\"fa fa-pagelines\"></i></a></li> \r\n	      <li> <a href=\"#\"><i class=\"fa fa-pinterest\"></i></a></li> \r\n	      <li> <a href=\"#\"><i class=\"fa fa-pinterest-square\"></i></a></li> \r\n	      <li> <a href=\"#\"><i class=\"fa fa-renren\"></i></a></li> \r\n	      <li> <a href=\"#\"><i class=\"fa fa-skype\"></i></a></li> \r\n	      <li> <a href=\"#\"><i class=\"fa fa-stack-exchange\"></i></a></li> \r\n	      <li> <a href=\"#\"><i class=\"fa fa-stack-overflow\"></i></a></li> \r\n	      <li> <a href=\"#\"><i class=\"fa fa-trello\"></i></a></li>\r\n	      <li> <a href=\"#\"><i class=\"fa fa-tumblr\"></i></a></li>\r\n	      <li> <a href=\"#\"><i class=\"fa fa-tumblr-square\"></i></a></li>\r\n	      <li> <a href=\"#\"><i class=\"fa fa-twitter\"></i></a></li>\r\n	      <li> <a href=\"#\"><i class=\"fa fa-twitter-square\"></i></a></li>\r\n	      <li> <a href=\"#\"><i class=\"fa fa-vimeo-square\"></i></a></li>\r\n	      <li> <a href=\"#\"><i class=\"fa fa-vk\"></i></a></li>\r\n	      <li> <a href=\"#\"><i class=\"fa fa-weibo\"></i></a></li>\r\n	      <li> <a href=\"#\"><i class=\"fa fa-windows\"></i></a></li>\r\n	      <li> <a href=\"#\"><i class=\"fa fa-xing\"></i></a></li>\r\n	      <li> <a href=\"#\"><i class=\"fa fa-xing-square\"></i></a></li>\r\n	      <li> <a href=\"#\"><i class=\"fa fa-youtube\"></i></a></li>\r\n	      <li> <a href=\"#\"><i class=\"fa fa-youtube-play\"></i></a></li>\r\n	      <li> <a href=\"#\"><i class=\"fa fa-youtube-square\"></i></a></li> \r\n	  	</ul>\r\n	  	\r\n	  	<hr />\r\n	  	<h2>Social Icons - Hover Zoom  (.icon-zoom)</h2>\r\n	  	\r\n	  	<ul class=\"social-icons icon-circle icon-zoom list-unstyled list-inline\"> \r\n	      <li><a href=\"#\"><i class=\"fa fa-adn\"></i></a> </li> \r\n	      <li><a href=\"#\"><i class=\"fa fa-android\"></i></a> </li>   \r\n	      <li> <a href=\"#\"><i class=\"fa fa-apple\"></i></a> </li>\r\n	      <li> <a href=\"#\"><i class=\"fa fa-bitbucket\"></i></a> </li> \r\n	      <li> <a href=\"#\"><i class=\"fa fa-bitcoin\"></i></a> </li> \r\n	      <li> <a href=\"#\"><i class=\"fa fa-css3\"></i></a> </li> \r\n	      <li> <a href=\"#\"><i class=\"fa fa-dribbble\"></i></a></li> \r\n	      <li> <a href=\"#\"><i class=\"fa fa-dropbox\"></i></a></li> \r\n	      <li> <a href=\"#\"><i class=\"fa fa-facebook\"></i></a></li>  \r\n	      <li> <a href=\"#\"><i class=\"fa fa-flickr\"></i></a></li> \r\n	      <li> <a href=\"#\"><i class=\"fa fa-foursquare\"></i></a></li> \r\n	  	</ul>\r\n	  	\r\n	  	<hr />\r\n	  	<h2>Social Icons - Hover Rotate  (.icon-rotate)</h2>\r\n	  	\r\n	  	<ul class=\"social-icons icon-circle icon-rotate list-unstyled list-inline\"> \r\n	      <li><a href=\"#\"><i class=\"fa fa-adn\"></i></a> </li> \r\n	      <li><a href=\"#\"><i class=\"fa fa-android\"></i></a> </li>   \r\n	      <li> <a href=\"#\"><i class=\"fa fa-apple\"></i></a> </li>\r\n	      <li> <a href=\"#\"><i class=\"fa fa-bitbucket\"></i></a> </li> \r\n	      <li> <a href=\"#\"><i class=\"fa fa-bitcoin\"></i></a> </li> \r\n	      <li> <a href=\"#\"><i class=\"fa fa-css3\"></i></a> </li> \r\n	      <li> <a href=\"#\"><i class=\"fa fa-dribbble\"></i></a></li> \r\n	      <li> <a href=\"#\"><i class=\"fa fa-dropbox\"></i></a></li> \r\n	      <li> <a href=\"#\"><i class=\"fa fa-facebook\"></i></a></li>  \r\n	      <li> <a href=\"#\"><i class=\"fa fa-flickr\"></i></a></li> \r\n	      <li> <a href=\"#\"><i class=\"fa fa-foursquare\"></i></a></li>   \r\n	  	</ul>\r\n	  	\r\n	  	<hr />\r\n	  	<h2>Social Icons - Rounded  (.icon-rounded)</h2>\r\n	  	\r\n	  	<ul class=\"social-icons icon-rounded  list-unstyled list-inline\"> \r\n	      <li><a href=\"#\"><i class=\"fa fa-adn\"></i></a> </li> \r\n	      <li><a href=\"#\"><i class=\"fa fa-android\"></i></a> </li>   \r\n	      <li> <a href=\"#\"><i class=\"fa fa-apple\"></i></a> </li>\r\n	      <li> <a href=\"#\"><i class=\"fa fa-bitbucket\"></i></a> </li> \r\n	      <li> <a href=\"#\"><i class=\"fa fa-bitcoin\"></i></a> </li> \r\n	      <li> <a href=\"#\"><i class=\"fa fa-css3\"></i></a> </li> \r\n	      <li> <a href=\"#\"><i class=\"fa fa-dribbble\"></i></a></li> \r\n	      <li> <a href=\"#\"><i class=\"fa fa-dropbox\"></i></a></li> \r\n	      <li> <a href=\"#\"><i class=\"fa fa-facebook\"></i></a></li>  \r\n	      <li> <a href=\"#\"><i class=\"fa fa-flickr\"></i></a></li> \r\n	      <li> <a href=\"#\"><i class=\"fa fa-foursquare\"></i></a></li>   \r\n	  	</ul>\r\n	  	\r\n	  	<hr />\r\n	  	<h2>Social Icons - Flat  (.icon-flat)</h2>\r\n	  	\r\n	  	<ul class=\"social-icons icon-flat list-unstyled list-inline\"> \r\n	      <li><a href=\"#\"><i class=\"fa fa-adn\"></i></a> </li> \r\n	      <li><a href=\"#\"><i class=\"fa fa-android\"></i></a> </li>   \r\n	      <li> <a href=\"#\"><i class=\"fa fa-apple\"></i></a> </li>\r\n	      <li> <a href=\"#\"><i class=\"fa fa-bitbucket\"></i></a> </li> \r\n	      <li> <a href=\"#\"><i class=\"fa fa-bitcoin\"></i></a> </li> \r\n	      <li> <a href=\"#\"><i class=\"fa fa-css3\"></i></a> </li> \r\n	      <li> <a href=\"#\"><i class=\"fa fa-dribbble\"></i></a></li> \r\n	      <li> <a href=\"#\"><i class=\"fa fa-dropbox\"></i></a></li> \r\n	      <li> <a href=\"#\"><i class=\"fa fa-facebook\"></i></a></li>  \r\n	      <li> <a href=\"#\"><i class=\"fa fa-flickr\"></i></a></li> \r\n	      <li> <a href=\"#\"><i class=\"fa fa-foursquare\"></i></a></li>   \r\n	  	</ul>\r\n      \r\n      <br />\r\n      <br />\r\n      <div class=\"copyright\"><a href=\"http://ameyraut.com\">ameyraut.com</a></div>\r\n	</div>', '/*----- Genral Classes start ------*/\r\nbody {\r\n	background: #2C303C;\r\n	font-family: \'Source Sans Pro\', sans-serif;\r\n	font-size: 100%;\r\n	margin: 0;\r\n	padding: 0;\r\n}\r\nh1 {\r\n	text-align: center;\r\n	color: #999;\r\n	background: rgba(0, 0, 0, 0.36);\r\n	margin: 0;\r\n	padding: 5px;\r\n}\r\nh2 {\r\n	text-align: center;\r\n	color: #999; \r\n	margin: 0;\r\n	padding: 5px;\r\n	font-size: 1.8em;\r\n	margin-bottom: 30px;\r\n} \r\n \r\n.wrapper,.copyright {\r\n	padding: 20px;\r\n	text-align: center;\r\n}\r\nhr{\r\n	margin: 30px 20px;\r\n	border-top:2px solid #1C1E26 ;\r\n	border-bottom:2px solid #38404D;\r\n}\r\n.list-unstyled {\r\n	padding-left: 0;\r\n	list-style: none;\r\n}\r\n.list-inline li {\r\n	display: inline-block;\r\n	padding-right: 5px;\r\n	padding-left: 5px;\r\n	margin-bottom: 10px;\r\n}\r\n/*---- Genral classes end -------*/\r\n\r\n/*Change icons size here*/\r\n.social-icons .fa {\r\n	font-size: 1.8em;\r\n}\r\n/*Change icons circle size and color here*/\r\n.social-icons .fa {\r\n	width: 50px;\r\n	height: 50px;\r\n	line-height: 50px;\r\n	text-align: center;\r\n	color: #FFF;\r\n	color: rgba(255, 255, 255, 0.8);\r\n	-webkit-transition: all 0.3s ease-in-out;\r\n	-moz-transition: all 0.3s ease-in-out;\r\n	-ms-transition: all 0.3s ease-in-out;\r\n	-o-transition: all 0.3s ease-in-out;\r\n	transition: all 0.3s ease-in-out;\r\n}\r\n\r\n.social-icons.icon-circle .fa{ \r\n	border-radius: 50%;\r\n}\r\n.social-icons.icon-rounded .fa{\r\n	border-radius:5px;\r\n}\r\n.social-icons.icon-flat .fa{\r\n	border-radius: 0;\r\n}\r\n\r\n.social-icons .fa:hover, .social-icons .fa:active {\r\n	color: #FFF;\r\n	-webkit-box-shadow: 1px 1px 3px #333;\r\n	-moz-box-shadow: 1px 1px 3px #333;\r\n	box-shadow: 1px 1px 3px #333; \r\n}\r\n.social-icons.icon-zoom .fa:hover, .social-icons.icon-zoom .fa:active { \r\n 	-webkit-transform: scale(1.1);\r\n	-moz-transform: scale(1.1);\r\n	-ms-transform: scale(1.1);\r\n	-o-transform: scale(1.1);\r\n	transform: scale(1.1); \r\n}\r\n.social-icons.icon-rotate .fa:hover, .social-icons.icon-rotate .fa:active { \r\n	-webkit-transform: scale(1.1) rotate(360deg);\r\n	-moz-transform: scale(1.1) rotate(360deg);\r\n	-ms-transform: scale(1.1) rotate(360deg);\r\n	-o-transform: scale(1.1) rotate(360deg);\r\n	transform: scale(1.1) rotate(360deg);\r\n}\r\n \r\n.social-icons .fa-adn{background-color:#504e54;} \r\n.social-icons .fa-apple{background-color:#aeb5c5;} \r\n.social-icons .fa-android{background-color:#A5C63B;}  \r\n.social-icons .fa-bitbucket,.social-icons .fa-bitbucket-square{background-color:#003366;} \r\n.social-icons .fa-bitcoin,.social-icons .fa-btc{background-color:#F7931A;} \r\n.social-icons .fa-css3{background-color:#1572B7;} \r\n.social-icons .fa-dribbble{background-color:#F46899;}  \r\n.social-icons .fa-dropbox{background-color:#018BD3;}\r\n.social-icons .fa-facebook,.social-icons .fa-facebook-square{background-color:#3C599F;}  \r\n.social-icons .fa-flickr{background-color:#FF0084;}\r\n.social-icons .fa-foursquare{background-color:#0086BE;}\r\n.social-icons .fa-github,.social-icons .fa-github-alt,.social-icons .fa-github-square{background-color:#070709;} \r\n.social-icons .fa-google-plus,.social-icons .fa-google-plus-square{background-color:#CF3D2E;} \r\n.social-icons .fa-html5{background-color:#E54D26;}\r\n.social-icons .fa-instagram{background-color:#A1755C;}\r\n.social-icons .fa-linkedin,.social-icons .fa-linkedin-square{background-color:#0085AE;} \r\n.social-icons .fa-linux{background-color:#FBC002;color:#333;}\r\n.social-icons .fa-maxcdn{background-color:#F6AE1C;}\r\n.social-icons .fa-pagelines{background-color:#241E20;color:#3984EA;}\r\n.social-icons .fa-pinterest,.social-icons .fa-pinterest-square{background-color:#CC2127;} \r\n.social-icons .fa-renren{background-color:#025DAC;}\r\n.social-icons .fa-skype{background-color:#01AEF2;}\r\n.social-icons .fa-stack-exchange{background-color:#245590;}\r\n.social-icons .fa-stack-overflow{background-color:#FF7300;}\r\n.social-icons .fa-trello{background-color:#265A7F;}\r\n.social-icons .fa-tumblr,.social-icons .fa-tumblr-square{background-color:#314E6C;} \r\n.social-icons .fa-twitter,.social-icons .fa-twitter-square{background-color:#32CCFE;} \r\n.social-icons .fa-vimeo-square{background-color:#229ACC;}\r\n.social-icons .fa-vk{background-color:#375474;}\r\n.social-icons .fa-weibo{background-color:#D72B2B;}\r\n.social-icons .fa-windows{background-color:#12B6F3;}\r\n.social-icons .fa-xing,.social-icons .fa-xing-square{background-color:#00555C;} \r\n.social-icons .fa-youtube,.social-icons .fa-youtube-play,.social-icons .fa-youtube-square{background-color:#C52F30;}', '', '1', '2023-12-05 17:54:53'),
(36, 'Amp', '<link href=\"https://fonts.googleapis.com/css?family=Material Icons|Material Icons Outlined|Material Icons Two Tone|Material Icons Round|Material Icons Sharp\" rel=\"stylesheet\" />  \r\n<nav>\r\n    <a href=\"#section-1\">Vanilla JS Smooth Scroll <i class=\"material-icons\">delete</i></a>\r\n    <a href=\"#section-2\">Easy to use!</a>\r\n    <a href=\"#section-3\">Usage</a>\r\n    <a href=\"#section-4\">Options</a>\r\n    <a href=\"#section-5\">That\'s it</a>\r\n  </nav>\r\n  <section id=\"section-1\">\r\n    <div>\r\n      <strong>Vanilla JS Smooth Scroll</strong>\r\n      <div class=\"links\">\r\n        <a href=\"https://codepen.io/bastian_fiessinger/pen/vYyQNGr\">New version available!</a>\r\n      </div>\r\n    </div>\r\n  </section>\r\n  <section id=\"section-2\">\r\n    <div>\r\n      <strong>Easy to use!</strong>\r\n    </div>\r\n  </section>\r\n  <section id=\"section-3\">\r\n    <div>\r\n      <span>Usage:</span>\r\n      <pre>\r\n      <code class=\"javascript\">\r\nvar smoothScroll = new scrollToSmooth(\'a\', {\r\n  targetAttribute: \'href\',\r\n  duration: 400,\r\n  durationRelative: false,\r\n  durationMin: false,\r\n  durationMax: false,\r\n  easing: \'easeOutCubic\',\r\n  onScrollStart: (data) => { console.log(data); },\r\n  onScrollUpdate: (data) => { console.log(data); },\r\n  onScrollEnd: (data) => { console.log(data); },\r\n  fixedHeader: null\r\n})\r\nsmoothScroll.init();\r\n      </code>\r\n      </pre>\r\n    </div>\r\n  </section>\r\n  <section id=\"section-4\">\r\n    <div>\r\n      <h3>Options:</h3>\r\n      <dl class=\"options\">\r\n        <dt>targetAttribute<span class=\"badge\">New!</span></dt>\r\n        <dd>\r\n          Type: <code>string</code><br>\r\n          Default: <code>\'href\'</code>\r\n          <p>\r\n            The attribute to determine the target element. Must be a valid selector!\r\n          </p>\r\n        </dd>\r\n        <dt>duration</dt>\r\n        <dd>\r\n          Type: <code>Number</code><br>\r\n          Default: <code>400</code>\r\n          <p>\r\n            Scroll time in milliseconds\r\n          </p>\r\n        </dd>\r\n        <dt>durationRelative<span class=\"badge\">New!</span></dt>\r\n        <dd>\r\n          Type: <code>boolean|number</code><br>\r\n          Default: <code>false</code>\r\n          <p>\r\n            Used to calculate the duration based on the amount of pixels to scroll.<br>\r\n            Use true to calculate by 1000px or a number to calculate by that.\r\n          </p>\r\n        </dd>\r\n        <dt>durationMin<span class=\"badge\">New!</span></dt>\r\n        <dd>\r\n          Type: <code>number</code><br>\r\n          Default: <code>null</code>\r\n          <p>\r\n            minimum duration time in ms\r\n          </p>\r\n        </dd>\r\n        <dt>durationMax<span class=\"badge\">New!</span></dt>\r\n        <dd>\r\n          Type: <code>number</code><br>\r\n          Default: <code>null</code>\r\n          <p>\r\n            maximum duration time in ms\r\n          </p>\r\n        </dd>\r\n        <dt>easing</dt>\r\n        <dd>\r\n          Type: <code>string</code><br>\r\n          Default: <code>linear</code>\r\n          <p>\r\n            Easing function used for scrolling.<br>\r\n            Available Easings:\r\n            <ul>\r\n              <li>linear</li>\r\n              <li>easeInQuad</li>\r\n              <li>easeOutQuad</li>\r\n              <li>easeInOutQuad</li>\r\n              <li>easeInCubic</li>\r\n              <li>easeOutCubic</li>\r\n              <li>easeInOutCubic</li>\r\n              <li>easeInQuart</li>\r\n              <li>easeOutQuart</li>\r\n              <li>easeInOutQuart</li>\r\n              <li>easeInQuint</li>\r\n              <li>easeOutQuint</li>\r\n              <li>easeInOutQuint</li>\r\n              <li>easeInSine</li>\r\n              <li>easeOutSine</li>\r\n              <li>easeInOutSine</li>\r\n              <li>easeInExpo</li>\r\n              <li>easeOutExpo</li>\r\n              <li>easeInOutExpo</li>\r\n              <li>easeInCirc</li>\r\n              <li>easeOutCirc</li>\r\n              <li>easeInOutCirc</li>\r\n              <li>easeInElastic</li>\r\n              <li>easeOutElastic</li>\r\n              <li>easeInOutElastic</li>\r\n              <li>easeInBack</li>\r\n              <li>easeOutBack</li>\r\n              <li>easeInOutBack</li>\r\n              <li>easeInBounce</li>\r\n              <li>easeOutBounce</li>\r\n              <li>easeInOutBounce</li>\r\n            </ul>\r\n          </p>\r\n        </dd>\r\n        <dt>onScrollStart<span class=\"badge\">New!</span></dt>\r\n        <dd>\r\n          Type: <code>function</code><br>\r\n          Default: <code>null</code>\r\n          <p>\r\n            Callback to be executed when scrolling has started\r\n          </p>\r\n        </dd>\r\n        <dt>onScrollUpdate<span class=\"badge\">New!</span></dt>\r\n        <dd>\r\n          Type: <code>function</code><br>\r\n          Default: <code>null</code>\r\n          <p>\r\n            Callback to be executed when scrolling is running\r\n          </p>\r\n        </dd>\r\n        <dt>onScrollEnd<span class=\"badge\">Previously \'callback\'</span></dt>\r\n        <dd>\r\n          Type: <code>function</code><br>\r\n          Default: <code>null</code>\r\n          <p>\r\n            Callback to be executed when scrolling has finished\r\n          </p>\r\n        </dd>  \r\n        <dt>fixedHeader</dt>\r\n        <dd>\r\n          Type: <code>string</code><br>\r\n          Default: <code>null</code>\r\n          <p>\r\n            The header element<br>\r\n            Example: \'#fixed-header\'\r\n          </p>\r\n        </dd>\r\n      </dl>\r\n    </div>\r\n  </section>\r\n  <section id=\"section-5\">\r\n    <div>\r\n      <strong>Here we go!</strong>\r\n      <div class=\"links\">\r\n      Get it on <a href=\"https://github.com/bfiessinger/scrollToSmooth\" target=\"_blank\">GitHub</a> or <a href=\"https://www.npmjs.com/package/scrolltosmooth\" target=\"_blank\">NPM</a>\r\n      </div>\r\n    </div>\r\n  </section>', '@import url(\"https://fonts.googleapis.com/css?family=Montserrat:400,900___amp___display=swap\");\r\n* {\r\n  box-sizing: border-box;\r\n}\r\n\r\nbody {\r\n  font-family: \"Montserrat\", sans-serif;\r\n}\r\n\r\nnav {\r\n  position: fixed;\r\n  right: 20px;\r\n  top: 50%;\r\n  transform: translateY(-50%);\r\n}\r\nnav a {\r\n  font-size: 0px;\r\n  line-height: 0px;\r\n  display: block;\r\n  width: 20px;\r\n  height: 20px;\r\n  background: transparent;\r\n  border: 4px solid #FFF;\r\n  border-radius: 50%;\r\n  margin: 10px 0;\r\n  filter: drop-shadow(0 0 4px rgba(0, 0, 0, 0.5));\r\n}\r\n\r\nsection {\r\n  width: 100%;\r\n  min-height: 100vh;\r\n  display: flex;\r\n  align-items: center;\r\n  justify-content: center;\r\n  color: #FFF;\r\n  padding: 5rem;\r\n}\r\nsection#section-1 {\r\n  background-color: #e67e22;\r\n}\r\nsection#section-2 {\r\n  background-color: #2980b9;\r\n}\r\nsection#section-3 {\r\n  background-color: #8e44ad;\r\n}\r\nsection#section-4 {\r\n  color: #000;\r\n}\r\nsection#section-5 {\r\n  background-color: #c0392b;\r\n}\r\nsection > div {\r\n  width: 80%;\r\n}\r\n\r\nstrong {\r\n  font-size: 80px;\r\n  text-align: center;\r\n  display: block;\r\n}\r\n\r\n.links {\r\n  text-align: center;\r\n  display: block;\r\n  color: #FFF;\r\n  margin-top: 2rem;\r\n}\r\n\r\n.hljs, code {\r\n  font-family: \"Space Mono\", monospace;\r\n}\r\n\r\n.hljs {\r\n  font-size: 14px;\r\n  padding: 0 26px;\r\n  border-radius: 4px;\r\n  flex: 1;\r\n  overflow: auto;\r\n  line-height: 1.6;\r\n}\r\n\r\npre {\r\n  margin: 1rem 0;\r\n  display: flex;\r\n}\r\n\r\n.options dt {\r\n  margin-bottom: 10px;\r\n}\r\n.options dd {\r\n  line-height: 24px;\r\n  margin-left: 0;\r\n  border-bottom: 1px solid #000;\r\n  margin-bottom: 20px;\r\n}\r\n.options dd:last-child {\r\n  margin-bottom: 0;\r\n  border-bottom: 0;\r\n}\r\n.options code {\r\n  background: #f7f7f7;\r\n  font-size: 90%;\r\n  font-weight: normal;\r\n  padding: 1px 5px;\r\n  border-radius: 2px;\r\n  color: #000;\r\n}\r\n\r\n.badge {\r\n  padding: 1px 5px;\r\n  border-radius: 2px;\r\n  margin-left: 0.5rem;\r\n  background-color: #3c6382;\r\n  color: #FFF;\r\n  font-size: 0.6em;\r\n  vertical-align: top;\r\n}\r\n\r\n@media (max-width: 840px) {\r\n  strong {\r\n    font-size: 40px;\r\n  }\r\n\r\n  section {\r\n    padding: 2rem;\r\n  }\r\n}', '', '1', '2023-12-05 18:10:54'),
(37, 'Amp', '<link href=\"https://fonts.googleapis.com/css?family=Material Icons|Material Icons Outlined|Material Icons Two Tone|Material Icons Round|Material Icons Sharp\" rel=\"stylesheet\" />  \r\n<nav>\r\n    <a href=\"#section-1\">Vanilla JS Smooth Scroll <i class=\"material-icons\">delete</i></a>\r\n    <a href=\"#section-2\">Easy to use!</a>\r\n    <a href=\"#section-3\">Usage</a>\r\n    <a href=\"#section-4\">Options</a>\r\n    <a href=\"#section-5\">That\'s it</a>\r\n  </nav>\r\n  <section id=\"section-1\">\r\n    <div>\r\n      <strong>Vanilla JS Smooth Scroll</strong>\r\n      <div class=\"links\">\r\n        <a href=\"https://codepen.io/bastian_fiessinger/pen/vYyQNGr\">New version available!</a>\r\n      </div>\r\n    </div>\r\n  </section>\r\n  <section id=\"section-2\">\r\n    <div>\r\n      <strong>Easy to use!</strong>\r\n    </div>\r\n  </section>\r\n  <section id=\"section-3\">\r\n    <div>\r\n      <span>Usage:</span>\r\n      <pre>\r\n      <code class=\"javascript\">\r\nvar smoothScroll = new scrollToSmooth(\'a\', {\r\n  targetAttribute: \'href\',\r\n  duration: 400,\r\n  durationRelative: false,\r\n  durationMin: false,\r\n  durationMax: false,\r\n  easing: \'easeOutCubic\',\r\n  onScrollStart: (data) => { console.log(data); },\r\n  onScrollUpdate: (data) => { console.log(data); },\r\n  onScrollEnd: (data) => { console.log(data); },\r\n  fixedHeader: null\r\n})\r\nsmoothScroll.init();\r\n      </code>\r\n      </pre>\r\n    </div>\r\n  </section>\r\n  <section id=\"section-4\">\r\n    <div>\r\n      <h3>Options:</h3>\r\n      <dl class=\"options\">\r\n        <dt>targetAttribute<span class=\"badge\">New!</span></dt>\r\n        <dd>\r\n          Type: <code>string</code><br>\r\n          Default: <code>\'href\'</code>\r\n          <p>\r\n            The attribute to determine the target element. Must be a valid selector!\r\n          </p>\r\n        </dd>\r\n        <dt>duration</dt>\r\n        <dd>\r\n          Type: <code>Number</code><br>\r\n          Default: <code>400</code>\r\n          <p>\r\n            Scroll time in milliseconds\r\n          </p>\r\n        </dd>\r\n        <dt>durationRelative<span class=\"badge\">New!</span></dt>\r\n        <dd>\r\n          Type: <code>boolean|number</code><br>\r\n          Default: <code>false</code>\r\n          <p>\r\n            Used to calculate the duration based on the amount of pixels to scroll.<br>\r\n            Use true to calculate by 1000px or a number to calculate by that.\r\n          </p>\r\n        </dd>\r\n        <dt>durationMin<span class=\"badge\">New!</span></dt>\r\n        <dd>\r\n          Type: <code>number</code><br>\r\n          Default: <code>null</code>\r\n          <p>\r\n            minimum duration time in ms\r\n          </p>\r\n        </dd>\r\n        <dt>durationMax<span class=\"badge\">New!</span></dt>\r\n        <dd>\r\n          Type: <code>number</code><br>\r\n          Default: <code>null</code>\r\n          <p>\r\n            maximum duration time in ms\r\n          </p>\r\n        </dd>\r\n        <dt>easing</dt>\r\n        <dd>\r\n          Type: <code>string</code><br>\r\n          Default: <code>linear</code>\r\n          <p>\r\n            Easing function used for scrolling.<br>\r\n            Available Easings:\r\n            <ul>\r\n              <li>linear</li>\r\n              <li>easeInQuad</li>\r\n              <li>easeOutQuad</li>\r\n              <li>easeInOutQuad</li>\r\n              <li>easeInCubic</li>\r\n              <li>easeOutCubic</li>\r\n              <li>easeInOutCubic</li>\r\n              <li>easeInQuart</li>\r\n              <li>easeOutQuart</li>\r\n              <li>easeInOutQuart</li>\r\n              <li>easeInQuint</li>\r\n              <li>easeOutQuint</li>\r\n              <li>easeInOutQuint</li>\r\n              <li>easeInSine</li>\r\n              <li>easeOutSine</li>\r\n              <li>easeInOutSine</li>\r\n              <li>easeInExpo</li>\r\n              <li>easeOutExpo</li>\r\n              <li>easeInOutExpo</li>\r\n              <li>easeInCirc</li>\r\n              <li>easeOutCirc</li>\r\n              <li>easeInOutCirc</li>\r\n              <li>easeInElastic</li>\r\n              <li>easeOutElastic</li>\r\n              <li>easeInOutElastic</li>\r\n              <li>easeInBack</li>\r\n              <li>easeOutBack</li>\r\n              <li>easeInOutBack</li>\r\n              <li>easeInBounce</li>\r\n              <li>easeOutBounce</li>\r\n              <li>easeInOutBounce</li>\r\n            </ul>\r\n          </p>\r\n        </dd>\r\n        <dt>onScrollStart<span class=\"badge\">New!</span></dt>\r\n        <dd>\r\n          Type: <code>function</code><br>\r\n          Default: <code>null</code>\r\n          <p>\r\n            Callback to be executed when scrolling has started\r\n          </p>\r\n        </dd>\r\n        <dt>onScrollUpdate<span class=\"badge\">New!</span></dt>\r\n        <dd>\r\n          Type: <code>function</code><br>\r\n          Default: <code>null</code>\r\n          <p>\r\n            Callback to be executed when scrolling is running\r\n          </p>\r\n        </dd>\r\n        <dt>onScrollEnd<span class=\"badge\">Previously \'callback\'</span></dt>\r\n        <dd>\r\n          Type: <code>function</code><br>\r\n          Default: <code>null</code>\r\n          <p>\r\n            Callback to be executed when scrolling has finished\r\n          </p>\r\n        </dd>  \r\n        <dt>fixedHeader</dt>\r\n        <dd>\r\n          Type: <code>string</code><br>\r\n          Default: <code>null</code>\r\n          <p>\r\n            The header element<br>\r\n            Example: \'#fixed-header\'\r\n          </p>\r\n        </dd>\r\n      </dl>\r\n    </div>\r\n  </section>\r\n  <section id=\"section-5\">\r\n    <div>\r\n      <strong>Here we go!</strong>\r\n      <div class=\"links\">\r\n      Get it on <a href=\"https://github.com/bfiessinger/scrollToSmooth\" target=\"_blank\">GitHub</a> or <a href=\"https://www.npmjs.com/package/scrolltosmooth\" target=\"_blank\">NPM</a>\r\n      </div>\r\n    </div>\r\n  </section>', '@import url(\"https://fonts.googleapis.com/css?family=Montserrat:400,900___amp___display=swap\");\r\n* {\r\n  box-sizing: border-box;\r\n  margin: 0;\r\n}\r\n\r\nbody {\r\n  font-family: \"Montserrat\", sans-serif;\r\n}\r\n\r\nnav {\r\n  position: fixed;\r\n  right: 20px;\r\n  top: 50%;\r\n  transform: translateY(-50%);\r\n}\r\nnav a {\r\n  font-size: 0px;\r\n  line-height: 0px;\r\n  display: block;\r\n  width: 20px;\r\n  height: 20px;\r\n  background: transparent;\r\n  border: 4px solid #FFF;\r\n  border-radius: 50%;\r\n  margin: 10px 0;\r\n  filter: drop-shadow(0 0 4px rgba(0, 0, 0, 0.5));\r\n}\r\n\r\nsection {\r\n  width: 100%;\r\n  min-height: 100vh;\r\n  display: flex;\r\n  align-items: center;\r\n  justify-content: center;\r\n  color: #FFF;\r\n  padding: 5rem;\r\n}\r\nsection#section-1 {\r\n  background-color: #e67e22;\r\n}\r\nsection#section-2 {\r\n  background-color: #2980b9;\r\n}\r\nsection#section-3 {\r\n  background-color: #8e44ad;\r\n}\r\nsection#section-4 {\r\n  color: #000;\r\n}\r\nsection#section-5 {\r\n  background-color: #c0392b;\r\n}\r\nsection > div {\r\n  width: 80%;\r\n}\r\n\r\nstrong {\r\n  font-size: 80px;\r\n  text-align: center;\r\n  display: block;\r\n}\r\n\r\n.links {\r\n  text-align: center;\r\n  display: block;\r\n  color: #FFF;\r\n  margin-top: 2rem;\r\n}\r\n\r\n.hljs, code {\r\n  font-family: \"Space Mono\", monospace;\r\n}\r\n\r\n.hljs {\r\n  font-size: 14px;\r\n  padding: 0 26px;\r\n  border-radius: 4px;\r\n  flex: 1;\r\n  overflow: auto;\r\n  line-height: 1.6;\r\n}\r\n\r\npre {\r\n  margin: 1rem 0;\r\n  display: flex;\r\n}\r\n\r\n.options dt {\r\n  margin-bottom: 10px;\r\n}\r\n.options dd {\r\n  line-height: 24px;\r\n  margin-left: 0;\r\n  border-bottom: 1px solid #000;\r\n  margin-bottom: 20px;\r\n}\r\n.options dd:last-child {\r\n  margin-bottom: 0;\r\n  border-bottom: 0;\r\n}\r\n.options code {\r\n  background: #f7f7f7;\r\n  font-size: 90%;\r\n  font-weight: normal;\r\n  padding: 1px 5px;\r\n  border-radius: 2px;\r\n  color: #000;\r\n}\r\n\r\n.badge {\r\n  padding: 1px 5px;\r\n  border-radius: 2px;\r\n  margin-left: 0.5rem;\r\n  background-color: #3c6382;\r\n  color: #FFF;\r\n  font-size: 0.6em;\r\n  vertical-align: top;\r\n}\r\n\r\n@media (max-width: 840px) {\r\n  strong {\r\n    font-size: 40px;\r\n  }\r\n\r\n  section {\r\n    padding: 2rem;\r\n  }\r\n}', '', '1', '2023-12-05 18:11:53'),
(38, 'iconsNeon', '<html lang=\"en\">\r\n\r\n<head>\r\n  <meta charset=\"UTF-8\">\r\n  <meta name=\"viewport\" content=\"width=device-width, initial-scale=1.0\">\r\n  <title>CSS glowing icons</title>\r\n  <link rel=\"stylesheet\" href=\"style.css\">\r\n  <link rel=\"stylesheet\" href=\"https://stackpath.bootstrapcdn.com/font-awesome/4.7.0/css/font-awesome.min.css\">\r\n</head>\r\n\r\n<body>\r\n  <div class=\"container\">\r\n    <i class=\"fa fa-apple\" id=\"apple\"></i>\r\n    <i class=\"fa fa-twitter\" id=\"twitter\"></i>\r\n    <i class=\"fa fa-github-square github\" id=\"github\"></i>\r\n    <i class=\"fa fa-facebook-square\" id=\"facebook\"></i>\r\n  </div>\r\n</body>\r\n\r\n</html>', '* {\r\n  margin: 0;\r\n  padding: 0;\r\n}\r\nbody {\r\n  height: 100vh;\r\n  width: 100vw;\r\n  background: #18191f;\r\n}\r\n.container {\r\n  display: flex;\r\n  justify-content: center;\r\n  align-items: center;\r\n  height: 100vh;\r\n  width: 100vw;\r\n}\r\n#apple,\r\n#twitter,\r\n#github,\r\n#facebook {\r\n  font-size: 8em;\r\n  background-color: #18191f;\r\n  color: #fff;\r\n  box-shadow: 2px 2px 2px #00000080, 10px 1px 12px #00000080,\r\n    2px 2px 10px #00000080, 2px 2px 3px #00000080, inset 2px 2px 10px #00000080,\r\n    inset 2px 2px 10px #00000080, inset 2px 2px 10px #00000080,\r\n    inset 2px 2px 10px #00000080;\r\n  border-radius: 29px;\r\n  padding: 11px 19px;\r\n  margin: 0 40px;\r\n  animation: animate 3s linear infinite;\r\n  text-shadow: 0 0 50px #0072ff, 0 0 100px #0072ff, 0 0 150px #0072ff,\r\n    0 0 200px #0072ff;\r\n}\r\n#twitter {\r\n  animation-delay: 0.3s;\r\n}\r\n#facebook {\r\n  animation-delay: 0.7s;\r\n}\r\n#github {\r\n  animation-delay: 0.1s;\r\n}\r\n\r\n@keyframes animate {\r\n  from {\r\n    filter: hue-rotate(0deg);\r\n  }\r\n  to {\r\n    filter: hue-rotate(360deg);\r\n  }\r\n}', '', '1', '2023-12-05 18:47:43');
INSERT INTO `componentes` (`id`, `nombre`, `html`, `css`, `js`, `user`, `fecha`) VALUES
(39, 'Tooltips', '<div class=\"tooltip\" data-tooltip=\"Texto del tooltip\" data-tooltip-position=\"right\">\r\n    elemento\r\n</div>', '.tooltip {\r\n  position: relative;\r\n  display: inline-block;\r\n}\r\n\r\n.tooltip::after {\r\n  content: attr(data-tooltip);\r\n  position: absolute;\r\n  background-color: silver;\r\n  color: #fff;\r\n  padding: 5px;\r\n  border-radius: 4px;\r\n  font-size: 14px;\r\n  visibility: hidden;\r\n  opacity: 0;\r\n  transition: opacity 0.3s ease-in-out;\r\n  width: auto;\r\n  text-wrap: nowrap;\r\n}\r\n\r\n.tooltip:hover::after {\r\n  visibility: visible;\r\n  opacity: 1;\r\n}\r\n\r\n.tooltip[data-tooltip-position=\"top\"]::after {\r\n  bottom: 100%;\r\n  left: 50%;\r\n  transform: translateX(-50%);\r\n}\r\n\r\n.tooltip[data-tooltip-position=\"right\"]::after {\r\n  top: 50%;\r\n  left: 110%;\r\n  transform: translateY(-55%);\r\n}\r\n\r\n.tooltip[data-tooltip-position=\"left\"]::after {\r\n  top: 50%;\r\n  right: 100%;\r\n  transform: translateY(-50%);\r\n}\r\n\r\n.tooltip[data-tooltip-position=\"bottom\"]::after {\r\n  top: 100%;\r\n  left: 50%;\r\n  transform: translateX(-50%);\r\n}', 'function createTooltip() {\r\n  const tooltips = document.querySelectorAll(\'.tooltip\');\r\n  tooltips.forEach((tooltip) => {\r\n    const position = tooltip.getAttribute(\'data-tooltip-position\');\r\n    tooltip.addEventListener(\'mouseenter\', () => {\r\n      tooltip.style.setProperty(\'data-tooltip\', position);\r\n    });\r\n    tooltip.addEventListener(\'mouseleave\', () => {\r\n      tooltip.style.setProperty(\'data-tooltip\', \'\');\r\n    });\r\n  });\r\n}\r\n\r\ncreateTooltip();', '1', '2023-12-05 19:01:58');

-- --------------------------------------------------------

--
-- Estructura de tabla para la tabla `modulos`
--

CREATE TABLE `modulos` (
  `idModulo` int(11) NOT NULL,
  `titulo` varchar(50) NOT NULL,
  `descripcion` varchar(50) NOT NULL,
  `status` varchar(50) NOT NULL
) ENGINE=InnoDB DEFAULT CHARSET=utf8mb4 COLLATE=utf8mb4_general_ci;

--
-- Volcado de datos para la tabla `modulos`
--

INSERT INTO `modulos` (`idModulo`, `titulo`, `descripcion`, `status`) VALUES
(1, 'Dashboard', 'Seccion de Dashboard', '1'),
(2, 'Usuarios', 'Usuarios del sistema', '1'),
(3, 'Componentes', 'Componentes del sistema', '1');

-- --------------------------------------------------------

--
-- Estructura de tabla para la tabla `permisos`
--

CREATE TABLE `permisos` (
  `idPermiso` int(11) NOT NULL,
  `rolid` int(22) NOT NULL,
  `moduloid` int(22) NOT NULL,
  `r` int(2) NOT NULL,
  `w` int(2) NOT NULL,
  `u` int(2) NOT NULL,
  `d` int(2) NOT NULL
) ENGINE=InnoDB DEFAULT CHARSET=utf8mb4 COLLATE=utf8mb4_general_ci;

--
-- Volcado de datos para la tabla `permisos`
--

INSERT INTO `permisos` (`idPermiso`, `rolid`, `moduloid`, `r`, `w`, `u`, `d`) VALUES
(40, 1, 1, 1, 1, 1, 1),
(41, 1, 2, 1, 1, 1, 1),
(42, 1, 3, 1, 1, 1, 1),
(43, 3, 1, 1, 0, 0, 0),
(44, 3, 2, 0, 0, 1, 0),
(45, 3, 3, 1, 1, 1, 0),
(49, 5, 1, 0, 0, 0, 0),
(50, 5, 2, 0, 0, 0, 0),
(51, 5, 3, 0, 0, 0, 0),
(52, 7, 1, 0, 0, 0, 0),
(53, 7, 2, 0, 0, 0, 0),
(54, 7, 3, 0, 0, 0, 0),
(58, 2, 1, 1, 0, 1, 1),
(59, 2, 2, 0, 0, 0, 0),
(60, 2, 3, 1, 0, 1, 1),
(64, 6, 1, 1, 1, 1, 1),
(65, 6, 2, 0, 0, 0, 0),
(66, 6, 3, 0, 0, 0, 0),
(70, 9, 1, 1, 0, 1, 1),
(71, 9, 2, 0, 0, 0, 0),
(72, 9, 3, 1, 1, 1, 1);

-- --------------------------------------------------------

--
-- Estructura de tabla para la tabla `personas`
--

CREATE TABLE `personas` (
  `id` int(11) NOT NULL,
  `nombre` varchar(66) NOT NULL,
  `apellido` varchar(66) NOT NULL,
  `usuario` varchar(66) NOT NULL,
  `contrasena` varchar(66) NOT NULL,
  `status` varchar(66) NOT NULL,
  `tipo` varchar(66) NOT NULL,
  `fecha` varchar(66) NOT NULL DEFAULT current_timestamp()
) ENGINE=InnoDB DEFAULT CHARSET=utf8mb4 COLLATE=utf8mb4_general_ci;

--
-- Volcado de datos para la tabla `personas`
--

INSERT INTO `personas` (`id`, `nombre`, `apellido`, `usuario`, `contrasena`, `status`, `tipo`, `fecha`) VALUES
(1, 'August', 'Díaz', 'audev', 'cdcb7422ca0fe077931b84e6fb7e6dfb7d6678dc7e9ae9c4335e98edc7d5761a', '1', 'SuperAdmin', '2023-11-27 00:26:07'),
(6, 'Leonel', 'Lizardi', 'username', '16f78a7d6317f102bbd95fc9a4f3ff2e3249287690b8bdad6b7810f82b34ace3', '1', 'Administrador', '2023-11-27 18:08:18');

-- --------------------------------------------------------

--
-- Estructura de tabla para la tabla `roles`
--

CREATE TABLE `roles` (
  `idRol` int(11) NOT NULL,
  `nombrerol` varchar(50) NOT NULL,
  `descripcion` varchar(50) NOT NULL,
  `status` varchar(50) NOT NULL
) ENGINE=InnoDB DEFAULT CHARSET=utf8mb4 COLLATE=utf8mb4_general_ci;

--
-- Volcado de datos para la tabla `roles`
--

INSERT INTO `roles` (`idRol`, `nombrerol`, `descripcion`, `status`) VALUES
(1, 'SuperAdmin', 'Super Administrador', '1'),
(9, 'Motorizado', 'El acaba de pasar', '1');

--
-- Índices para tablas volcadas
--

--
-- Indices de la tabla `componentes`
--
ALTER TABLE `componentes`
  ADD PRIMARY KEY (`id`);

--
-- Indices de la tabla `modulos`
--
ALTER TABLE `modulos`
  ADD PRIMARY KEY (`idModulo`);

--
-- Indices de la tabla `permisos`
--
ALTER TABLE `permisos`
  ADD PRIMARY KEY (`idPermiso`);

--
-- Indices de la tabla `personas`
--
ALTER TABLE `personas`
  ADD PRIMARY KEY (`id`);

--
-- Indices de la tabla `roles`
--
ALTER TABLE `roles`
  ADD PRIMARY KEY (`idRol`);

--
-- AUTO_INCREMENT de las tablas volcadas
--

--
-- AUTO_INCREMENT de la tabla `componentes`
--
ALTER TABLE `componentes`
  MODIFY `id` int(11) NOT NULL AUTO_INCREMENT, AUTO_INCREMENT=40;

--
-- AUTO_INCREMENT de la tabla `modulos`
--
ALTER TABLE `modulos`
  MODIFY `idModulo` int(11) NOT NULL AUTO_INCREMENT, AUTO_INCREMENT=4;

--
-- AUTO_INCREMENT de la tabla `permisos`
--
ALTER TABLE `permisos`
  MODIFY `idPermiso` int(11) NOT NULL AUTO_INCREMENT, AUTO_INCREMENT=73;

--
-- AUTO_INCREMENT de la tabla `personas`
--
ALTER TABLE `personas`
  MODIFY `id` int(11) NOT NULL AUTO_INCREMENT, AUTO_INCREMENT=15;

--
-- AUTO_INCREMENT de la tabla `roles`
--
ALTER TABLE `roles`
  MODIFY `idRol` int(11) NOT NULL AUTO_INCREMENT, AUTO_INCREMENT=10;
COMMIT;

/*!40101 SET CHARACTER_SET_CLIENT=@OLD_CHARACTER_SET_CLIENT */;
/*!40101 SET CHARACTER_SET_RESULTS=@OLD_CHARACTER_SET_RESULTS */;
/*!40101 SET COLLATION_CONNECTION=@OLD_COLLATION_CONNECTION */;
